out1[0; 4]
out1[0; 7]
out1[0; 14]
out1[0; 17]
out1[0; 18]
out1[0; 19]
out1[0; 20]
out1[0; 21]
out1[0; 22]
out1[0; 23]
out1[0; 24]
out1[0; 25]
out2[0; 14]
out2[0; 17]
out2[0; 18]
out2[0; 20]
out2[0; 22]
out3[0; 11]
out3[0; 12]
out3[0; 13]
out3[0; 15]
out3[0; 19]
out4[0; 11]
out4[0; 12]
out4[0; 13]
out4[0; 15]
out4[0; 19]
out5[0; 11]
out5[0; 12]
out5[0; 13]
out5[0; 15]
out5[0; 19]
out6[0; 11]
out6[0; 12]
out6[0; 13]
out6[0; 15]
out6[0; 19]
out7[0; 11]
out7[0; 12]
out7[0; 13]
out7[0; 15]
out7[0; 19]
out8[0; 11]
out8[0; 12]
out8[0; 13]
out8[0; 15]
out8[0; 19]
